protein_domain,protein_name,taxonID,UniprotAccession,specieName,fullFasta,seqBoundaries,trimmedSequence,trimmedFileSeqName,fullFastaFileSeqName,PDBFile,PDBSequenceMatch,PDBLength
SH3,bL19,262724,Q72JU9,Thermus_thermophilus,MNRGALIKLVESRYVRTDLPEFRPGDTVRVSYKVKEGNRTRIQDFEGIVIRIRRNGFNTTFTVRKVSYGVGVERIFPLHSPLIQKIDIVQRGRARRAKLYFIRNLSDREIRRKLRADRKRIDKDRAAERAAKEEVQKAQEPEASQE,"22-31,44-53,59-78",FRPGDTVRVSDFEGIVIRIRTTFTVRKV-SYGVGVERIFPL,"SH3_bL19_262724_THET2_22-31,44-53,59-78",Bacteria_Thermus_thermophilus_HB27_,Bacteria_Thermus_thermophilus_HB27_.pdb,True,146
SH3,bL19,100226,P0A477,Streptomyces_coelicolor,MSHLLDSVDAASLRSDVPAFRPGDTVNVHVRVIEGNRSRVQQFKGVVIRRQGAGVRETFTVRKVSFSVGVERTFPVHTPIVEKIELVTRGDVRRAKLYYLRELRGKAAKIKEKRDS,"20-29,42-51,57-76",FRPGDTVNVHQFKGVVIRRQETFTVRKV-SFSVGVERTFPV,"SH3_bL19_100226_STRCO_20-29,42-51,57-76",Bacteria_Streptomyces_coelicolor_A3(2)_,Bacteria_Streptomyces_coelicolor_A3(2)_.pdb,True,116
SH3,bL19,1148,,,,"24-33,46-55,61-80",IHVGDTIKVGPYEGTVIAKRETITVRKI-FQGVGVERVFLL,"SH3_bL19_1148_SYNYG_24-33,46-55,61-80",,,False,0
SH3,bL19,156889,A0L4Y9,Magnetococcus_marinus,MNQVQAFEQSMIPETAVPKFGAGDTLKVHVKVVEGTRERIQVFEGVCIGRMNAGLRSTFTVRKISFGEGVERTFPVYSPRVDKIEVIRHGDVRRAKLYYLRGRTGKASRIKEKRDW,"20-29,42-51,57-76",FGAGDTLKVHVFEGVCIGRMSTFTVRKI-SFGEGVERTFPV,"SH3_bL19_156889_MAGMM_20-29,42-51,57-76",Bacteria_Magnetococcus_sp._MC-1_,Bacteria_Magnetococcus_sp._MC-1_.pdb,True,116
SH3,bL19,159087,Q47BI8,Dechloromonas_aromatica,MNLIEQLEQEEIARLGKTIPEFAPGDTVVVQVKVKEGNRERLQAYEGVVIAKRNRGLNSGFTVRKISSGEGVERTFQTYSPLVASIEVKRRGDVRRAKLYYLRERSGKSARIKEKLVRKEKPVVAA,"22-31,44-53,59-78",FAPGDTVVVQAYEGVVIAKRSGFTVRKI-SSGEGVERTFQT,"SH3_bL19_159087_DECAR_22-31,44-53,59-78",Bacteria_Dechloromonas_aromatica_RCB_,Bacteria_Dechloromonas_aromatica_RCB_.pdb,True,126
SH3,bL19,165597,Q4BZT8,Crocosphaera_watsonii,MNAQGIIKDIESEYIKNDLPTIHVGDTVRVGVRIREGGKERVQPYEGTVIAMRNGGINETITVRKTFQGVGVERVFLLHSPRIADIKIIRRGKVRRAKLYYLRDRVGKATRIRQRFDRPV,"22-31,44-53,59-78",IHVGDTVRVGPYEGTVIAMRETITVRKT-FQGVGVERVFLL,"SH3_bL19_165597_CROWT_22-31,44-53,59-78",Bacteria_Crocosphaera_watsonii_WH_8501_,Bacteria_Crocosphaera_watsonii_WH_8501_.pdb,True,120
SH3,bL19,169963,O53083,Listeria_monocytogenes,MNKLIDEITKSQLNPDVPNFRPGDTVRVHAKVVEGTRERIQLFEGVVIKRRGAGISETFTVRKISNSVGVERTFPVHTPRIAKLEVIRRGKVRRAKLYYLRNLRGKAARIKEIR,"20-29,42-51,57-76",FRPGDTVRVHLFEGVVIKRRETFTVRKI-SNSVGVERTFPV,"SH3_bL19_169963_LISMO_20-29,42-51,57-76",Bacteria_Listeria_monocytogenes_EGD-e_,Bacteria_Listeria_monocytogenes_EGD-e_.pdb,True,114
SH3,bL19,171101,Q8CWQ9,Streptococcus_pneumoniae,MNPLIQSLTEGQLRTDIPSFRPGDTVRVHAKVVEGNRERIQIFEGVVIARKGAGISENYTVRKISNGIGVERIFPIHTPRVEKIEVVRYGKVRRAKLYYLRALQGKAARIKEIRR,"20-29,42-51,57-76",FRPGDTVRVHIFEGVVIARKENYTVRKI-SNGIGVERIFPI,"SH3_bL19_171101_STRR6_20-29,42-51,57-76",Bacteria_Streptococcus_pneumoniae_R6_,Bacteria_Streptococcus_pneumoniae_R6_.pdb,True,115
SH3,bL19,176299,Q8UBZ5,Agrobacterium_fabrum,MTNIIQQLEAEQAAKIEAKRTLPEFSPGDTLRVNVRVTEGNRTRVQAYEGVCIARSGGGLSESFTVRKISYGEGVERVFPIYSPLVEGVEIVRRGKVRRAKLYYLRDRRGKAARIVENTGTRARKLNESERQAAAEEKARLEAEKVAAAQALAAEKAAAEAAEAKAAEEAAKAAEATAE,"25-34,47-56,62-81",FSPGDTLRVNAYEGVCIARSESFTVRKI-SYGEGVERVFPI,"SH3_bL19_176299_AGRFC_25-34,47-56,62-81",Bacteria_Agrobacterium_tumefaciens_str._C58_,Bacteria_Agrobacterium_tumefaciens_str._C58_.pdb,True,179
SH3,bL19,190304,Q8RG80,Fusobacterium_nucleatum,MKEKLIELVEKEYLRSDIPQFKAGDTIGVYYKVKEGNKERVQLFEGVVIRVNGGGVAKTFTVRKVTAGIGVERIIPVNSPNIDRIEVLKVGRVRRSKLYYLRGLSAKKARIKEIVK,"21-30,43-52,58-77",FKAGDTIGVYLFEGVVIRVNKTFTVRKV-TAGIGVERIIPV,"SH3_bL19_190304_FUSNN_21-30,43-52,58-77",Bacteria_Fusobacterium_nucleatum_subsp._nucleatum_ATCC_25586_,Bacteria_Fusobacterium_nucleatum_subsp._nucleatum_ATCC_25586_.pdb,True,116
SH3,bL19,190486,Q8PMY0,Xanthomonas_citri,MSKLNKTILADFEAAQIQRKLPEFNQGDTVVVNVKVKEGNRERVQAYEGVVIGTKNAGLNSSFTVRKISHGFGVERVFQTHSAIIDSVEVKRRGKVRAGKLYYLRGLEGKAARIKEDLAAAAQAKAARQAAAKAE,"24-33,46-55,61-80",FNQGDTVVVNAYEGVVIGTKSSFTVRKI-SHGFGVERVFQT,"SH3_bL19_190486_XANAC_24-33,46-55,61-80",Bacteria_Xanthomonas_axonopodis_pv._citri_str._306_,Bacteria_Xanthomonas_axonopodis_pv._citri_str._306_.pdb,True,135
SH3,bL19,194439,Q8KD91,Chlorobaculum_tepidum,MDQLIQLVEATQQRNDIPEVRPGDTVRIQLKVIEGEKERLQAFEGVVIGDKGMGASKTITVRKISHGVGVERIIPVNSPNIESVTVVRSGKARRAKLFYLRKRTGKAALKVKERKSASAEA,"20-29,42-51,57-76",VRPGDTVRIQAFEGVVIGDKKTITVRKI-SHGVGVERIIPV,"SH3_bL19_194439_CHLTE_20-29,42-51,57-76",Bacteria_Chlorobium_tepidum_TLS_,Bacteria_Chlorobium_tepidum_TLS_.pdb,True,121
SH3,bL19,197221,Q8DJC4,Thermosynechococcus_vestitus,MNAQDIIRSIEAEQMKTDLPVIYVGDRVRVGVKIKEGDKERVQPYEGDVIAMRNTGINRTITVRRVFQGVGVERVFLLHSPRIDSIKVIQRGKVRRAKLYYLRDRMGKASRIKPRFDRPL,"22-31,44-53,59-78",IYVGDRVRVGPYEGDVIAMRRTITVRRV-FQGVGVERVFLL,"SH3_bL19_197221_THEEB_22-31,44-53,59-78",Bacteria_Thermosynechococcus_elongatus_BP-1_,Bacteria_Thermosynechococcus_elongatus_BP-1_.pdb,True,120
SH3,bL19,198094,,,,"20-29,42-51,57-76",FRPGDTLRVHLFEGVVIKRRETFTVRKI-SYGVGVERTFPV,"SH3_bL19_198094_BACAN_20-29,42-51,57-76",,,False,0
SH3,bL19,203267,Q83G66,Tropheryma_whipplei,MHALDALDALSIKADIPDFSPGDTVRVYVNITEGDRSRVQVFQGVVIARRGFGVRQTFTVRKISFQVGVERIFPLHSPSINRIEVVTKGSVRRAKLYYIRKLRGKKAKVKQKREL,"19-28,41-50,56-75",FSPGDTVRVYVFQGVVIARRQTFTVRKI-SFQVGVERIFPL,"SH3_bL19_203267_TROWT_19-28,41-50,56-75",Bacteria_Tropheryma_whipplei_str._Twist_,Bacteria_Tropheryma_whipplei_str._Twist_.pdb,True,115
SH3,bL19,203907,Q7VQF8,Blochmanniella_floridana,MNEKIRNFESNQMKKDIPPLHPGDVVEISLWIIEGNKKRFQIFEGMIIAIKNRGLNSAFTVRKISSGEGVERVFQIHSPVIKEINIKKIGVVRRAKLYYLRNLKGKSARIKTRLHVN,"20-29,42-51,57-76",LHPGDVVEISIFEGMIIAIKSAFTVRKI-SSGEGVERVFQI,"SH3_bL19_203907_BLOFL_20-29,42-51,57-76",Bacteria_Blochmannia_floridanus,Bacteria_Blochmannia_floridanus.pdb,True,117
SH3,bL19,205913,,,,"22-31,44-53,59-78",FRPGDTVDVNTFTGVVIARKETFVVRKI-SFGTGVERRFPV,"SH3_bL19_205913_BIFLD_22-31,44-53,59-78",,,False,0
SH3,bL19,208963,Q02RL5,Pseudomonas_aeruginosa,MTNKIIQQIEAEQMNKEIPAFAPGDTVIVQVKVKEGDRQRLQAFEGVVIAKRNRGLNSAFTVRKISNGVGVERTFQTYSPIVDSLSVKRRGDVRKAKLYYLRALSGKAARIKEKLV,"21-30,43-52,58-77",FAPGDTVIVQAFEGVVIAKRSAFTVRKI-SNGVGVERTFQT,"SH3_bL19_208963_PSEAB_21-30,43-52,58-77",Bacteria_Pseudomonas_aeruginosa_UCBPP-PA14_,Bacteria_Pseudomonas_aeruginosa_UCBPP-PA14_.pdb,True,116
SH3,bL19,211586,Q8EH70,Shewanella_oneidensis,MNNIIKMLNDEQMKQDVPAFGAGDTVVVQVRVKEGDKERLQAFEGVVIAKRNRGLHSAFTVRKISNGEGVERAFQTHSPLIASIEVKRRGRVRRAKLYYLRDRSGKSARIREKLATK,"20-29,42-51,57-76",FGAGDTVVVQAFEGVVIAKRSAFTVRKI-SNGEGVERAFQT,"SH3_bL19_211586_SHEON_20-29,42-51,57-76",Bacteria_Shewanella_oneidensis_MR-1_,Bacteria_Shewanella_oneidensis_MR-1_.pdb,True,117
SH3,bL19,214092,,,,"20-29,42-51,57-76",FRPGDSVEVKAFEGVVIAIRSAFTVRKI-SNGEGVERVFQT,"SH3_bL19_214092_YERPE_20-29,42-51,57-76",,,False,0
SH3,bL19,221109,Q8EQZ7,Oceanobacillus_iheyensis,MQQIIADITKDQLRTDHPDFRPGDTLKVHVKVVEGNRERIQVFEGVVIKRQNGGISETFTVRKISYGVGVERTLPLHSPRIDKIEVSRRGIVRRAKLYYLRNLRGKAARIKERR,"20-29,42-51,57-76",FRPGDTLKVHVFEGVVIKRQETFTVRKI-SYGVGVERTLPL,"SH3_bL19_221109_OCEIH_20-29,42-51,57-76",Bacteria_Oceanobacillus_iheyensis_HTE831_,Bacteria_Oceanobacillus_iheyensis_HTE831_.pdb,True,114
SH3,bL19,224911,Q89X35,Bradyrhizobium_diazoefficiens,MNLIKQLEQEQFDKLSAGKDIPEFGPGDTVIVNVKVVEGDRTRVQAYEGVCIGRSGGGLNESFTVRKISYGEGVERVFPVMSPMIDSIKVVRRGKVRRAKLYYLRNLRGKSARIVEKQDRQAAVGE,"24-33,46-55,61-80",FGPGDTVIVNAYEGVCIGRSESFTVRKI-SYGEGVERVFPV,"SH3_bL19_224911_BRADU_24-33,46-55,61-80",Bacteria_Bradyrhizobium_japonicum_USDA_110_,Bacteria_Bradyrhizobium_japonicum_USDA_110_.pdb,True,126
SH3,bL19,226186,Q8A4V8,Bacteroides_thetaiotaomicron,MDLIKIAEEAFATGKQHPSFKAGDTVTVAYRIIEGNKERVQLYRGVVIKIAGHGDKKRFTVRKMSGTVGVERIFPIESPAIDSIEVNKVGKVRRAKLYYLRALTGKKARIKEKRVNN,"20-29,42-51,57-76",FKAGDTVTVALYRGVVIKIAKRFTVRKM-SGTVGVERIFPI,"SH3_bL19_226186_BACTN_20-29,42-51,57-76",Bacteria_Bacteroides_thetaiotaomicron_VPI-5482_,Bacteria_Bacteroides_thetaiotaomicron_VPI-5482_.pdb,True,117
SH3,bL19,227377,Q83E85,Coxiella_burnetii,MNNIIQLLETEQTQGKEIPDFRAGDTVTVQVKVKEGNRERLQAFEGVVIARRHRGLNSSFTVRKVSHGEGVERVFQLYSPLIASIKVNRRGDVRRAKLYYLRNLRGRKAKIKEKI,"21-30,43-52,58-77",FRAGDTVTVQAFEGVVIARRSSFTVRKV-SHGEGVERVFQL,"SH3_bL19_227377_COXBU_21-30,43-52,58-77",Bacteria_Coxiella_burnetii_RSA_493_,Bacteria_Coxiella_burnetii_RSA_493_.pdb,True,115
SH3,bL19,227941,Q822M6,Chlamydia_caviae,MGNLIKELQDEQLRKEALTDFRVGDTIRVATKIVDGGKERTQVFQGTVMARRGGGAGETVALHRVAYGEGMEKSFLLHSPKIVGIEVVKRGKVSRARLYYLKGKTGKAAKVKEYIGPRAPK,"21-30,43-52,58-77",FRVGDTIRVAVFQGTVMARRETVALHRV-AYGEGMEKSFLL,"SH3_bL19_227941_CHLCV_21-30,43-52,58-77",Bacteria_Chlamydophila_caviae_GPIC_,Bacteria_Chlamydophila_caviae_GPIC_.pdb,True,121
SH3,bL19,228410,Q82U36,Nitrosomonas_europaea,MNLIEQLEREEIERLGKTIPDFSPGDTLVVNVNVVEGDRKRVQAFEGVVIAKRNRGLNSSFIVRKISSGEAVERTFQTYSPLIASMEVKRRGAVRRAKLYYLRDRSGKAARIREKLPARSVQQENVAEALQP,"22-31,44-53,59-78",FSPGDTLVVNAFEGVVIAKRSSFIVRKI-SSGEAVERTFQT,"SH3_bL19_228410_NITEU_22-31,44-53,59-78",Bacteria_Nitrosomonas_europaea_ATCC_19718_,Bacteria_Nitrosomonas_europaea_ATCC_19718_.pdb,True,132
SH3,bL19,235279,Q7VHN0,Helicobacter_hepaticus,MRNRYIQSFQEAQIGKKQVPQFKAGDTLRLGIKIQEGDKTRIQHFEGVCISIRGNGVDRTFTTRKMGANNIGVEKTFPLYSESLDSIEVLRIGRVRRAKLYYLRSRRGKAARIKELRK,"22-31,44-53,59-79",FKAGDTLRLGHFEGVCISIRRTFTTRKMGANNIGVEKTFPL,"SH3_bL19_235279_HELHP_22-31,44-53,59-79",Bacteria_Helicobacter_hepaticus_ATCC_51449_,Bacteria_Helicobacter_hepaticus_ATCC_51449_.pdb,True,118
SH3,bL19,235909,Q5L0P3,Geobacillus_kaustophilus,MMHHLIQEITKEQLRTDLPDFRPGDTVRVHVKVVEGNRERIQVFEGVVIKRRGAGISENVHGPQSVLWRPALSAHSRVHTPKIAKLEVIRRGKVRRAKLYYLRELRGKAARIKENTNAAQ,"21-30,43-52,58-78",FRPGDTVRVHVFEGVVIKRRENVHGPQSVLWRPALSAHSRV,"SH3_bL19_235909_GEOKA_21-30,43-52,58-78",Bacteria_Geobacillus_kaustophilus_HTA426_,Bacteria_Geobacillus_kaustophilus_HTA426_.pdb,True,120
SH3,bL19,240292,Q3MA22,Trichormus_variabilis,MSAQEIIRSIEAEQLKSNLPEIYIGDTVRVGVKIKEGDKYRVQPYEGVVIARRNGGINETITVRRVFQGVGVERVFLLHSPRIDNIKVLRRGKVRRAKLYYLRGRVGKATRIKQRFDRSL,"32-41,54-63,69-88",IYIGDTVRVGPYEGVVIARRETITVRRV-FQGVGVERVFLL,"SH3_bL19_240292_ANAVT_32-41,54-63,69-88",,,False,0
SH3,bL19,242231,Q5FA60,Neisseria_gonorrhoeae,MNLIQQLEQEEIARLNKEIPEFAPGDTVVVSVRVVEGTRSRLQAYEGVVIARRNRGLNSNFIVRKISSGEGVERTFQLYSPTVEKIEVKRRGDVRRAKLYYLRGLTGKAARIKEKLPARKG,"22-31,44-53,59-78",FAPGDTVVVSAYEGVVIARRSNFIVRKI-SSGEGVERTFQL,"SH3_bL19_242231_NEIG1_22-31,44-53,59-78",Bacteria_Neisseria_gonorrhoeae_FA_1090_,Bacteria_Neisseria_gonorrhoeae_FA_1090_.pdb,True,121
SH3,bL19,242619,Q7MXW3,Porphyromonas_gingivalis,MDFIKIVNEEFKSGKEHPKFNSGDTITVEYRIKEGNKERIQKYRGVVIRISGHGDKKRFTVRKISDGIGVERIFPIESPFIENITVEKYGKVRRAKLYYLRGLTGKKARIKERRVALSSKD,"20-29,42-51,57-76",FNSGDTITVEKYRGVVIRISKRFTVRKI-SDGIGVERIFPI,"SH3_bL19_242619_PORGI_20-29,42-51,57-76",Bacteria_Porphyromonas_gingivalis_W83_,Bacteria_Porphyromonas_gingivalis_W83_.pdb,True,121
SH3,bL19,243090,Q7UI13,Rhodopirellula_baltica,MNNAIMDMVDKANQKENAPQFDIGDTVDVHSKILEGNKERIQVFTGVVIGRSGKGAQEMFTVRRIVAGEGVERKFPVHSPRIEKVEVKRSGVTRRAKLYFLRDRVGKAVRLKERRRV,"21-30,43-52,58-77",FDIGDTVDVHVFTGVVIGRSEMFTVRRI-VAGEGVERKFPV,"SH3_bL19_243090_RHOBA_21-30,43-52,58-77",Bacteria_Rhodopirellula_baltica_SH_1_,Bacteria_Rhodopirellula_baltica_SH_1_.pdb,True,117
SH3,bL19,243164,Q3Z9L4,Dehalococcoides_mccartyi,MEETVNNQETPETSEEETADEETVAVENTAAGKVLPSFGPGDTIKVHARIKEGDKERIQMFQGVVLKVKQAADGGNFTVRRISYGVGVERTFPFLSPNVTKVEVIKRGRVRRARLFYLRKLSGKAARIKEVKQTPS,"38-47,60-69,75-94",FGPGDTIKVHMFQGVVLKVKGNFTVRRI-SYGVGVERTFPF,"SH3_bL19_243164_DEHM1_38-47,60-69,75-94",Bacteria_Dehalococcoides_ethenogenes_195_,Bacteria_Dehalococcoides_ethenogenes_195_.pdb,True,136
SH3,bL19,243230,Q9RWB4,Deinococcus_radiodurans,MQTHIKINRGELLRGIEQDHTRQLPDFRPGDTVRVDTKVREGNRTRSQAFEGVVIAINGSGSRKSFTVRKISFGEGVERVFPFASPLVNQVTIVERGKVRRAKLYYLRELRGKAARIKSDRSRVMKDAARAQQDKANASASQAAAAQADVTVISAAPEVAPETQGE,"27-36,49-58,64-83",FRPGDTVRVDAFEGVVIAINKSFTVRKI-SFGEGVERVFPF,"SH3_bL19_243230_DEIRA_27-36,49-58,64-83",Bacteria_Deinococcus_radiodurans_R1_,Bacteria_Deinococcus_radiodurans_R1_.pdb,True,166
SH3,bL19,243265,Q7N798,Photorhabdus_laumondii,MSNIIKQLEQEQMKQDVPSFRPGDSVEVKVWVVEGAKKRLQAFEGVVIAIRNRGLHSAFTVRKVSNGEGVERVFQTHSPVVDSINVKRRGAVRRAKLYYLRERSGKAARIKERLNSK,"20-29,42-51,57-76",FRPGDSVEVKAFEGVVIAIRSAFTVRKV-SNGEGVERVFQT,"SH3_bL19_243265_PHOLL_20-29,42-51,57-76",Bacteria_Photorhabdus_luminescens_subsp._laumondii_TTO1_,Bacteria_Photorhabdus_luminescens_subsp._laumondii_TTO1_.pdb,True,117
SH3,bL19,243274,Q9X1Q7,Thermotoga_maritima,MDHLVKIIEKKYEKKEIPDFRPGDTVRVHVKVIEGDRERTQVFEGIVIAKRGSGINKTFTVRRIGSHGVGVERIFPVHSPVVEKIEVVRKGKVRRAKLYYLRNVRGKIRIKERRD,"20-29,42-51,57-77",FRPGDTVRVHVFEGIVIAKRKTFTVRRIGSHGVGVERIFPV,"SH3_bL19_243274_THEMA_20-29,42-51,57-77",Bacteria_Thermotoga_maritima_MSB8_,Bacteria_Thermotoga_maritima_MSB8_.pdb,True,115
SH3,bL19,243276,O83879,Treponema_pallidum,MSCHLIQQIENQQRKEPAETFRVGDTVRVHFKIVEGKTERIQAYEGLVLCFKNSGVRRTFTVRKNSYGVGVERIFPLHSPRIERVDVVRAGKVRRAKLYYIREKIGKAARIKARIVKKPSPSA,"21-30,43-52,58-77",FRVGDTVRVHAYEGLVLCFKRTFTVRKN-SYGVGVERIFPL,"SH3_bL19_243276_TREPA_21-30,43-52,58-77",Bacteria_Treponema_pallidum_subsp._pallidum_str._Nichols_,Bacteria_Treponema_pallidum_subsp._pallidum_str._Nichols_.pdb,True,123
SH3,bL19,243277,Q9KUF7,Vibrio_cholerae,MSNIIKALEQEQMKQDLPQFAPGDTVVVQVKVKEGDRERLQAFEGIVIAIRNRGLHSAFTVRKISNGEGVERTFQTHSPVVDSIEVKRRGAVRRAKLYYLRDLSGKAARIKEKLAKK,"20-29,42-51,57-76",FAPGDTVVVQAFEGIVIAIRSAFTVRKI-SNGEGVERTFQT,"SH3_bL19_243277_VIBCH_20-29,42-51,57-76",Bacteria_Vibrio_cholerae_O1_biovar_El_Tor_str._N16961_,Bacteria_Vibrio_cholerae_O1_biovar_El_Tor_str._N16961_.pdb,True,117
SH3,bL19,251221,Q7NMD8,Gloeobacter_violaceus,MNAQEIIRSIEAEQMKTQLPVLHIGDTVKVNVRIREGGKERIQAFEGTIISMARAGINRTVTVRRIFQGIGVERVFLVHSPRIESMTVTRLGKVRRAKLYYLRDRIGKATRVKQKITRKAN,"22-31,44-53,59-78",LHIGDTVKVNAFEGTIISMARTVTVRRI-FQGIGVERVFLV,"SH3_bL19_251221_GLOVI_22-31,44-53,59-78",Bacteria_Gloeobacter_violaceus_PCC_7421_,Bacteria_Gloeobacter_violaceus_PCC_7421_.pdb,True,121
SH3,bL19,264198,Q46Y85,Cupriavidus_pinatubonensis,MNIIEQIEKEEIARLTANKTIPAFAPGDTVIVNVNVVEGNRKRVQAYEGVVIAKRNRGLNSSFIVRKISSGEGVERTFQLYSPLIAGIEVKRRGDVRRAKLYYLRERSGKSARIKEKLVSKAAKAAQ,"24-33,46-55,61-80",FAPGDTVIVNAYEGVVIAKRSSFIVRKI-SSGEGVERTFQL,"SH3_bL19_264198_CUPNJ_24-33,46-55,61-80",Bacteria_Ralstonia_eutropha_JMP134_,Bacteria_Ralstonia_eutropha_JMP134_.pdb,True,127
SH3,bL19,265311,Q6F0S6,Mesoplasma_florum,MASKATKTTQSKYAIINNQLRNDLPDFTSGDTIKVDVKIKEGEKFRIQTFEGLVIKTQGSGITYSVVVRKLSNGVFVERTFPLHSPIIDKVTIVKRGRVRRARIYYIRKLSGKAARIKEILPTKADKK,"27-36,49-58,64-83",FTSGDTIKVDTFEGLVIKTQYSVVVRKL-SNGVFVERTFPL,"SH3_bL19_265311_MESFL_27-36,49-58,64-83",Bacteria_Mesoplasma_florum_L1_,Bacteria_Mesoplasma_florum_L1_.pdb,True,128
SH3,bL19,266834,Q92L39,Rhizobium_meliloti,MNIIQQLEAEQAAKIAAKRTLPEFSPGDTVRVNVRVVEGNRTRVQAYEGVCIARSGGGINESFTVRKISYGEGVERVFPVYSPLVESVDVVRRGKVRRAKLYYLRDRRGKSARIVENTGTRARKLNDAERQAVVEEKARIEAEKVAAAQALAAEKAAAEAAEAKAAEEAKAAEAAAE,"24-33,46-55,61-80",FSPGDTVRVNAYEGVCIARSESFTVRKI-SYGEGVERVFPV,"SH3_bL19_266834_RHIME_24-33,46-55,61-80",Bacteria_Sinorhizobium_meliloti_1021_,Bacteria_Sinorhizobium_meliloti_1021_.pdb,True,177
SH3,bL19,267747,Q6A7T1,Cutibacterium_acnes,MSNIIDEIDKASMRDDIPEFRPGDSVKVHVKVVEGSRTRVQVFSGIVISRTGGGVQESFTVRKLSFGTGVERTFPLHSPIIDKIEVDRHGAVRRAKLYYLRGRRGKAAKIKERGSAR,"20-29,42-51,57-76",FRPGDSVKVHVFSGIVISRTESFTVRKL-SFGTGVERTFPL,"SH3_bL19_267747_PROAC_20-29,42-51,57-76",Bacteria_Propionibacterium_acnes_KPA171202_,Bacteria_Propionibacterium_acnes_KPA171202_.pdb,True,117
SH3,bL19,269798,Q11YV3,Cytophaga_hutchinsonii,MSNLLKIVEQDYLAVQKALPEFKAGDTINVHVKIKEGAKERIQQYQGLVIQKRNSGNGASFTVRKISAGIAVERIFPTMSPFIDKIEVLRAGAVRRARLFYLRDKTGKNARIKEKKKPVVEAAK,"22-31,44-53,59-78",FKAGDTINVHQYQGLVIQKRASFTVRKI-SAGIAVERIFPT,"SH3_bL19_269798_CYTH3_22-31,44-53,59-78",Bacteria_Cytophaga_hutchinsonii_ATCC_33406_,Bacteria_Cytophaga_hutchinsonii_ATCC_33406_.pdb,True,124
SH3,bL19,272627,A0A0C2U7G8,Paramagnetospirillum_magnetotacticum,MVNIIEQLEKEQIEKLTADRGVPSFAPGDTVKVNVKVIEGNRERVQAYEGVCIARKNDGLNSSFVVRKISYGEGVERIFPLYSPNIASIEVVRRGDVRRAKLYYLRDRRGKSARIAEQTTGHSGKVSAAERADAAAAKAAKVAAAKVE,"25-34,47-56,62-81",FAPGDTVKVNAYEGVCIARKSSFVVRKI-SYGEGVERIFPL,"SH3_bL19_272627_MAGMG_25-34,47-56,62-81",Bacteria_Magnetospirillum_magnetotacticum_MS-1_,Bacteria_Magnetospirillum_magnetotacticum_MS-1_.pdb,True,148
SH3,bL19,272631,O33020,Mycobacterium_leprae,MNRLDFVDQASLRDDIPAFSPGDTINVHVKVIEGVKERIQVFKGVVIRRQGGGIRETFTVRKESYGVGVERTFPVHSPNIDHIEMVIRGDVRRAKLYYLRELRGKKAKIKEKR,"19-28,41-50,56-75",FSPGDTINVHVFKGVVIRRQETFTVRKE-SYGVGVERTFPV,"SH3_bL19_272631_MYCLE_19-28,41-50,56-75",Bacteria_Mycobacterium_leprae_TN_,Bacteria_Mycobacterium_leprae_TN_.pdb,True,113
SH3,bL19,273068,Q8R9X4,Caldanaerobacter_subterraneus,MDLIKAVESEQLKKDITPFNVGDTVRVYYKVIEGDRERIQPFEGIVIKRSGSGLRETFTVRRVSYGVGVERTFPLHSPRLEKIEVIRRGKVRRAKLYYLRKRVGKAATKIKELME,"19-28,41-50,56-75",FNVGDTVRVYPFEGIVIKRSETFTVRRV-SYGVGVERTFPL,"SH3_bL19_273068_CALS4_19-28,41-50,56-75",Bacteria_Thermoanaerobacter_tengcongensis_MB4_,Bacteria_Thermoanaerobacter_tengcongensis_MB4_.pdb,True,115
SH3,bL19,279238,Q2G8H1,Novosphingobium_aromaticivorans,MNLIQQLEAEAIAEFKAKKEIPDFRAGDTVRVGVRVVEGERTRVQAYEGVCIARSNRGLGSNFTVRKISFGEGVERVFPLYSPNIDSITVVRRGVVRRAKLYYLRGRTGKSARIAERKVTKA,"24-33,46-55,61-80",FRAGDTVRVGAYEGVCIARSSNFTVRKI-SFGEGVERVFPL,"SH3_bL19_279238_NOVAD_24-33,46-55,61-80",Bacteria_Novosphingobium_aromaticivorans_DSM_12444_,Bacteria_Novosphingobium_aromaticivorans_DSM_12444_.pdb,True,122
SH3,bL19,281090,Q6AEA5,Leifsonia_xyli,MHILDQVDAASLKQDIPAFRAGDTVKVHVNIIEGSRSRVQVFQGVVIARSGEGVRETFTVRKISFQVGVERMFPVHSPVIDKIEVVTRGDVRRAKLYYLRELRGKKAKIKEKRDN,"19-28,41-50,56-75",FRAGDTVKVHVFQGVVIARSETFTVRKI-SFQVGVERMFPV,"SH3_bL19_281090_LEIXX_19-28,41-50,56-75",Bacteria_Leifsonia_xyli_subsp._xyli_str._CTCB07,Bacteria_Leifsonia_xyli_subsp._xyli_str._CTCB07.pdb,True,115
SH3,bL19,282458,Q6GHJ4,Staphylococcus_aureus,MTNHKLIEAVTKSQLRTDLPSFRPGDTLRVHVRIIEGTRERIQVFEGVVIKRRGGGVSETFTVRKISSGVGVERTFPLHTPKIEKIEVKRRGKVRRAKLYYLRSLRGKAARIQEIR,"22-31,44-53,59-78",FRPGDTLRVHVFEGVVIKRRETFTVRKI-SSGVGVERTFPL,"SH3_bL19_282458_STAAR_22-31,44-53,59-78",Bacteria_Staphylococcus_aureus_subsp._aureus_MRSA252,Bacteria_Staphylococcus_aureus_subsp._aureus_MRSA252.pdb,True,116
SH3,bL19,283166,Q6G1S0,Bartonella_henselae,MNIIAQLEAEQCAKIAAKRQLPAFQPGDTVRVMVRVTEGTRTRVQAYEGVCIARSGGGLNETFTVRKISYGEGVERVFPVYSPLIEGVELVRRGKVRRAKLYYLRNLRGKAARITEKKDQRKKSAKIVEKEQEALVRVEAPAHATE,"24-33,46-55,61-80",FQPGDTVRVMAYEGVCIARSETFTVRKI-SYGEGVERVFPV,"SH3_bL19_283166_BARHE_24-33,46-55,61-80",Bacteria_Bartonella_henselae_str._Houston-1,Bacteria_Bartonella_henselae_str._Houston-1.pdb,True,146
SH3,bL19,290633,Q5FUG2,Gluconobacter_oxydans,MNIIQQYEAREIERLSGVRAVPEFIAGDTVRVGVRVVEGTRERVQSFEGVVIARSNKGLNSNFTVRKISNGEGVERVFPLYAPSIASIEVVRRGKVRRAKLYYLRGRSGKSARIAERPRDLPKADSMAAS,"24-33,46-55,61-80",FIAGDTVRVGSFEGVVIARSSNFTVRKI-SNGEGVERVFPL,"SH3_bL19_290633_GLUOX_24-33,46-55,61-80",Bacteria_Gluconobacter_oxydans_621H,Bacteria_Gluconobacter_oxydans_621H.pdb,True,130
SH3,bL19,292459,Q67PD7,Symbiobacterium_thermophilum,MSDIIREIEREYMRSDIPAFRPGDTVRVNVKVVEGNRERIQAFEGVVIKRQGSGINETFTVRRVSYGVGVERTFPVHSPRLASIEVIRRGVVRRAKLYYLRERTGKAARIRERRLARPEEA,"20-29,42-51,57-76",FRPGDTVRVNAFEGVVIKRQETFTVRRV-SYGVGVERTFPV,"SH3_bL19_292459_SYMTH_20-29,42-51,57-76",Bacteria_Symbiobacterium_thermophilum_IAM_14863,Bacteria_Symbiobacterium_thermophilum_IAM_14863.pdb,True,121
SH3,bL19,292805,Q5GT54,Wolbachia_sp.,MTNLLKKFNEQQMQVLAKEVPEFRPGDDLKVTFKVVDSTSERIQIFEGVCISKRNRGLHSSFAVRKVSHGESIVSQFFIYSPALVSVQVTRRGKVRRAKLYYLCKLFGKAARIKERATYKNNKSN,"23-32,45-54,60-79",FRPGDDLKVTIFEGVCISKRSSFAVRKV-SHGESIVSQFFI,"SH3_bL19_292805_WOLTR_23-32,45-54,60-79",Bacteria_Wolbachia_endosymbiont_strain_TRS_of_Brugia_malayi,Bacteria_Wolbachia_endosymbiont_strain_TRS_of_Brugia_malayi.pdb,True,125
SH3,bL19,296591,Q12CW3,Polaromonas_sp.,MNLIQTLEQEEISRLNKTIPAYAPGDTVIVSVNVVEGTRKRVQAFEGVVIAKRNRGLNSSFIVRKVSNGEGVERTFQVYSPLIAKIEVKRRGDVRRAKLYYLRSRSGKSARIKEKLGAKAA,"22-31,44-53,59-78",YAPGDTVIVSAFEGVVIAKRSSFIVRKV-SNGEGVERTFQV,"SH3_bL19_296591_POLSJ_22-31,44-53,59-78",Bacteria_Polaromonas_sp._JS666,Bacteria_Polaromonas_sp._JS666.pdb,True,121
SH3,bL19,297245,Q5WZE3,Legionella_pneumophila,MTNIIDQINAEQMQGKEIPDFNPGDTVLVQVKVIEGNRERLQAFEGVVIAKRNRGLNSAFTVRKISHNVGVERVFQTYSPIVDSITVKRRGDVRRAKLYYLRNLAGRAARIKEKLSGKKGD,"21-30,43-52,58-77",FNPGDTVLVQAFEGVVIAKRSAFTVRKI-SHNVGVERVFQT,"SH3_bL19_297245_LEGPL_21-30,43-52,58-77",Bacteria_Legionella_pneumophila_str._Lens,Bacteria_Legionella_pneumophila_str._Lens.pdb,True,121
SH3,bL19,349102,A4WNY1,Cereibacter_sphaeroides,MNLIAQLEAEQIAALGKTIPDFKAGDTVRVGYKVTEGTRSRVQNYEGVVIGRKGGNTISASFTVRKISFGEGVERVFPLYSTNIDSIEVVRRGRVRRAKLYYLRSRRGKSARIAEVTNYKEKSE,"22-31,44-53,60-79",FKAGDTVRVGNYEGVVIGRKASFTVRKI-SFGEGVERVFPL,"SH3_bL19_349102_RHOS5_22-31,44-53,60-79",Bacteria_Rhodobacter_sphaeroides_ATCC_17025,Bacteria_Rhodobacter_sphaeroides_ATCC_17025.pdb,True,124
SH3,bL19,482957,Q39ID3,Burkholderia_lata,MNLIAKLEQEEIERALAGKTIPEFAPGDTVIVNVNVVEGNRKRVQAYEGVVIAIRSRGLNSNFIVRKISSGEGVERTFQTYSPLLASIVVKRRGDVRRAKLYYLRERSGKSARIKEKLVSKDRTAAASQE,"24-33,46-55,61-80",FAPGDTVIVNAYEGVVIAIRSNFIVRKI-SSGEGVERTFQT,"SH3_bL19_482957_BURL3_24-33,46-55,61-80",Bacteria_Burkholderia_sp._383_,Bacteria_Burkholderia_sp._383_.pdb,True,130
SH3,bL19,555217,A0A0H3G095,Zymomonas_mobilis,MNLIQTLEAEQIAKLQEQKSIPDFRAGDTLKVGVRVVEGERIRIQFYEGVCIARSNKAIGSSFTVRKISFGEGVERVFPLYSPNVDSIEVVRRGVVRRAKLYYLRGRRGKAARIAERRDVRPSK,"24-33,46-55,61-80",FRAGDTLKVGFYEGVCIARSSSFTVRKI-SFGEGVERVFPL,"SH3_bL19_555217_ZYMMA_24-33,46-55,61-80",Bacteria_Zymomonas_mobilis_subsp._mobilis_ATCC_10988,Bacteria_Zymomonas_mobilis_subsp._mobilis_ATCC_10988.pdb,True,124
SH3,bL19,563178,B8D9I0,Buchnera_aphidicola,MFSIIQKIEKEQIKKNIPIFRSGDTIEVKVWVIEGSKKRLQSFEGIVIAIKNRCLNSSFTVRKISNGEGVERVFQTHSHGIEEILVKRRGLVRKAKLYYLRTRTGKAARIKERLN,"20-29,42-51,57-76",FRSGDTIEVKSFEGIVIAIKSSFTVRKI-SNGEGVERVFQT,"SH3_bL19_563178_BUCA5_20-29,42-51,57-76",Bacteria_Buchnera_aphidicola_str._5A_(Acyrthosiphon_pisum),Bacteria_Buchnera_aphidicola_str._5A_(Acyrthosiphon_pisum).pdb,True,115
SH3,bL19,565050,A0A0H3C671,Caulobacter_vibrioides,MIMAINIIAQLEQEESARLLAARAIPDFRPGDTLRVNVKIKEGERERVQAYEGVCIARAGTGVHESFTVRKISFGEGVERLFPLLSPSIESIEVKRRGVVRRAKLYYLRDRRGKSARIAERAGGPKASASTEA,"28-37,50-59,65-84",FRPGDTLRVNAYEGVCIARAESFTVRKI-SFGEGVERLFPL,"SH3_bL19_565050_CAUCN_28-37,50-59,65-84",Bacteria_Caulobacter_crescentus_NA1000,Bacteria_Caulobacter_crescentus_NA1000.pdb,True,133
SH3,bL19,575564,,,,"23-32,45-54,60-79",FAPGDTVVVQAFEGVVIAKKSAFTVRKI-SSGVGVERVFQT,"SH3_bL19_575564_ACISP_23-32,45-54,60-79",,,False,0
SH3,bL19,62928,,,,"24-33,46-55,61-80",FAPGDTVVVQAYEGVVIAKRSSFIVRKI-SSGEGVERTFQT,"SH3_bL19_62928_AZOSB_24-33,46-55,61-80",,,False,0
SH3,bL19,663917,,,,"19-28,41-50,56-75",FKPGDTLKVHAFQGVCISRQESFTVRKI-SNNIGVERVFPL,"SH3_bL19_663917_GEOSK_19-28,41-50,56-75",,,False,0
SH3,bL19,71421,P44357,Haemophilus_influenzae,MSNIIKQLEQEQLKQNVPSFRPGDTLEVKVWVVEGSKRRLQAFEGVVIAIRNRGLHSAFTLRKVSNGVGVERVFQTHSPAVDSIAVKRKGAVRKAKLYYLRERSGKSARIKERLGA,"20-29,42-51,57-76",FRPGDTLEVKAFEGVVIAIRSAFTLRKV-SNGVGVERVFQT,"SH3_bL19_71421_HAEIN_20-29,42-51,57-76",Bacteria_Haemophilus_influenzae_Rd_KW20_,Bacteria_Haemophilus_influenzae_Rd_KW20_.pdb,True,116
SH3,bL19,83333,P0A7K6,Escherichia_coli,MSNIIKQLEQEQMKQDVPSFRPGDTVEVKVWVVEGSKKRLQAFEGVVIAIRNRGLHSAFTVRKISNGEGVERVFQTHSPVVDSISVKRRGAVRKAKLYYLRERTGKAARIKERLN,"20-29,42-51,57-76",FRPGDTVEVKAFEGVVIAIRSAFTVRKI-SNGEGVERVFQT,"SH3_bL19_83333_ECOLI_20-29,42-51,57-76",Bacteria_Escherichia_coli_str._K-12_substr._W3110,Bacteria_Escherichia_coli_str._K-12_substr._W3110.pdb,True,115
SH3,bL19,91464,,,,"22-31,44-53,59-78",IYVGDTIRVGPYEGTVIAMRETITVRRI-FQGVGVERVFLL,"SH3_bL19_91464_SYNS7_22-31,44-53,59-78",,,False,0
